--
-- Script was generated by Devart dbForge Studio for SQL Server, Version 5.3.56.0
-- Product home page: http://www.devart.com/dbforge/sql/studio
-- Script date 2/22/2018 8:30:33 PM
-- Server version: 13.00.4001
-- Client version: 
--


SET DATEFORMAT ymd
SET ARITHABORT, ANSI_PADDING, ANSI_WARNINGS, CONCAT_NULL_YIELDS_NULL, QUOTED_IDENTIFIER, ANSI_NULLS, NOCOUNT ON
SET NUMERIC_ROUNDABORT, IMPLICIT_TRANSACTIONS, XACT_ABORT OFF
GO
USE Tourine
GO

IF DB_NAME() <> N'Tourine' SET NOEXEC ON
-- 
-- Dumping data for table Agency
--
INSERT dbo.Agency VALUES ('4c5ee6a3-c80c-436c-983c-a72b207a8925', N'Mahan', N'03211111')
INSERT dbo.Agency VALUES ('5d0fd190-3c6a-45d9-9987-f698b700cd43', N'Taha', N'02136521478')
GO
-- 
-- Dumping data for table Currency
--
INSERT dbo.Currency VALUES (1, N'Rial', 1)
INSERT dbo.Currency VALUES (2, N'Toman', 10)
INSERT dbo.Currency VALUES (3, N'Dollar', 40000)
GO
-- 
-- Dumping data for table Destination
--
INSERT dbo.Destination VALUES ('bfc8684b-0a99-406e-9c56-00f3398f72bd', N'کربلا')
INSERT dbo.Destination VALUES ('37132bd5-297f-4208-89cb-586e546d1bb7', N'نجف')
INSERT dbo.Destination VALUES ('a21e41d9-be48-4e53-b6ee-5b55d47cfb33', N'بغداد')
INSERT dbo.Destination VALUES ('3706966d-6cbd-4cf4-aa87-f080a89e0e55', N'سلیمانیه')
GO
-- 
-- Dumping data for table Person
--
INSERT dbo.Person VALUES ('f0905b1f-9221-4e4e-ac60-0617427602e7', N'عزیز', N'وظیفه دل', N'032156498', N'123678901', '1988-08-01', '2018-01-31', N'1324564', CONVERT(bit, 'True'), 2, N'989352222289', NULL, CONVERT(bit, 'False'), CONVERT(bit, 'False'))
INSERT dbo.Person VALUES ('cdaf2353-b68d-4f0f-8056-5e37e51d70aa', N'عماد', N'باقری', N'12315645', N'455642211', '2008-01-17', '2018-01-30', NULL, CONVERT(bit, 'True'), 7, N'989353860767', NULL, CONVERT(bit, 'False'), CONVERT(bit, 'False'))
INSERT dbo.Person VALUES ('cd689574-7a50-448a-8724-688ca5291777', N'علیرضا', N'زنده دل', N'032156498', N'123678901', '1989-07-01', '2018-01-31', N'1324564', CONVERT(bit, 'False'), 5, N'989355113008', NULL, CONVERT(bit, 'False'), CONVERT(bit, 'True'))
INSERT dbo.Person VALUES ('0cdf3854-efa5-4cca-b659-921a9309c60b', N'محمد', N'فرهمند زاد', N'032156498', N'123678901', '1989-09-01', '2018-01-31', N'1324564', CONVERT(bit, 'True'), 6, N'989385015211', 99851678, CONVERT(bit, 'True'), CONVERT(bit, 'False'))
INSERT dbo.Person VALUES ('5f05a5dc-3aee-4572-beba-a7d5a5fc3e64', N'مجید', N'شاملو', N'021000000', N'012345678', '1988-01-08', NULL, NULL, CONVERT(bit, 'True'),2, N'989192480767', NULL, CONVERT(bit, 'False'), CONVERT(bit, 'False'))
INSERT dbo.Person VALUES ('070d5d34-2723-4e48-bfe4-b07838e480f1', N'علی', N'میرزایی', N'032156498', N'123678901', '1989-08-01', '2018-01-31', N'1324564', CONVERT(bit, 'False'), 7, N'989125412164', 91847133, CONVERT(bit, 'False'), CONVERT(bit, 'False'))
INSERT dbo.Person VALUES ('e2d864ca-19eb-40d6-adea-f5bfc7989846', N'سعید', N'شاملو', N'032156498', N'123678901', '1989-08-01', '2018-01-31', N'1324564', CONVERT(bit, 'False'),1, N'989195804336', NULL, CONVERT(bit, 'True'), CONVERT(bit, 'False'))
GO
-- 
-- Dumping data for table Place
--
INSERT dbo.Place VALUES ('9a6822c4-3f1d-44ef-98e7-56f40c37ff33', N'السلطان')
INSERT dbo.Place VALUES ('834c9273-52fd-4b84-94c5-638d883b1ce4', N'الفندق')
INSERT dbo.Place VALUES ('18d084c4-6192-4d8e-a5c2-70302884aed2', N'جواد')
INSERT dbo.Place VALUES ('dc07d0ae-2a1e-43d4-9b3b-e7cdb2d6b98e', N'مشکوکات')
GO
-- 
-- Dumping data for table [User]
--
INSERT dbo.[User] VALUES ('01455fa2-4171-4db4-9a8e-3a0ecf3156c2', N'Emad', N'1234', 'cdaf2353-b68d-4f0f-8056-5e37e51d70aa', 4)
INSERT dbo.[User] VALUES ('9fbd8acb-029f-4fdf-8130-3a644c82018b', N'Alirzl', N'1234', 'cdaf2353-b68d-4f0f-8056-5e37e51d70aa', 255)
INSERT dbo.[User] VALUES ('fd6ec66b-68ba-4a90-a6f5-48330e35f3dc', N'zoz.zozm', N'1234', '070d5d34-2723-4e48-bfe4-b07838e480f1', 255)
INSERT dbo.[User] VALUES ('c84b8e27-fdfd-4753-8cb3-715390048432', N'Saeid', N'1234', 'e2d864ca-19eb-40d6-adea-f5bfc7989846', 4)
INSERT dbo.[User] VALUES ('ef1d50dd-3376-4d84-9821-991734723133', N'Majid', N'1234', '5f05a5dc-3aee-4572-beba-a7d5a5fc3e64', 4)
INSERT dbo.[User] VALUES ('b88bc928-7330-4120-bac8-cc7ff29ba85c', N'Happiness', N'1234', '0cdf3854-efa5-4cca-b659-921a9309c60b', 255)
INSERT dbo.[User] VALUES ('fdc52981-fac4-48a7-9aa4-f0f7b0835ccb', N'Aziz', N'1234', 'f0905b1f-9221-4e4e-ac60-0617427602e7', 255)
GO
-- 
-- Dumping data for table AgencyPerson
--
INSERT dbo.AgencyPerson VALUES ('8fc522c2-f460-4887-9f31-506d5997e0aa', '5d0fd190-3c6a-45d9-9987-f698b700cd43', 'cd689574-7a50-448a-8724-688ca5291777')
INSERT dbo.AgencyPerson VALUES ('a462cdb7-9d6d-4e94-a9e7-514658640945', '5d0fd190-3c6a-45d9-9987-f698b700cd43', 'f0905b1f-9221-4e4e-ac60-0617427602e7')
INSERT dbo.AgencyPerson VALUES ('bb4685bf-94e9-482e-a1e4-9bb4e2dd594f', '4c5ee6a3-c80c-436c-983c-a72b207a8925', 'cdaf2353-b68d-4f0f-8056-5e37e51d70aa')
INSERT dbo.AgencyPerson VALUES ('ec5af7c8-c35f-4e4a-aa84-d5abed44a760', '4c5ee6a3-c80c-436c-983c-a72b207a8925', '5f05a5dc-3aee-4572-beba-a7d5a5fc3e64')
GO
-- 
-- Dumping data for table TourDetail
--
INSERT dbo.TourDetail VALUES ('8a54103e-7655-428e-b547-4fd190506f7d', 'bfc8684b-0a99-406e-9c56-00f3398f72bd', 10, '2018-03-02 18:19:20.873', '834c9273-52fd-4b84-94c5-638d883b1ce4', CONVERT(bit, 'False'), 120000, 60000, 182000, 85000, '2018-01-31 18:19:44.723', 'cdaf2353-b68d-4f0f-8056-5e37e51d70aa')
INSERT dbo.TourDetail VALUES ('4beef3e3-c112-4a90-a0c3-651858f32195', '37132bd5-297f-4208-89cb-586e546d1bb7', 10, '2018-02-02 18:20:01.817', '834c9273-52fd-4b84-94c5-638d883b1ce4', NULL, NULL, NULL, NULL, NULL, '2018-01-31 18:20:24.733', 'cdaf2353-b68d-4f0f-8056-5e37e51d70aa')
GO
-- 
-- Dumping data for table Tour
--
INSERT dbo.Tour VALUES ('c17496cf-7a71-451f-91da-1d10b165be13', 55, 1600000, NULL, N'bagh20180131', 2, '8a54103e-7655-428e-b547-4fd190506f7d', '5d0fd190-3c6a-45d9-9987-f698b700cd43')
INSERT dbo.Tour VALUES ('443237f8-7eec-413f-9858-97bfd99ebc2b', 12, 1750000, 'c17496cf-7a71-451f-91da-1d10b165be13', N'kar20180131', 2, '8a54103e-7655-428e-b547-4fd190506f7d', '4c5ee6a3-c80c-436c-983c-a72b207a8925')
INSERT dbo.Tour VALUES ('30a9c61b-9dde-4c3d-b681-9ecb1bafedf1', 50, 850000, NULL, N'naj20180113', 2, '4beef3e3-c112-4a90-a0c3-651858f32195', '5d0fd190-3c6a-45d9-9987-f698b700cd43')
GO
-- 
-- Dumping data for table PriceDetail
--
INSERT dbo.PriceDetail VALUES ('6fa90ed7-c05c-4a4b-83de-3bfccf417d19', 60000, 2, 'c17496cf-7a71-451f-91da-1d10b165be13', N'mechanic')
INSERT dbo.PriceDetail VALUES ('5f81088d-422f-4d82-824c-80ef6994fcec', 120000, 2, 'c17496cf-7a71-451f-91da-1d10b165be13', N'no')
GO
-- 
-- Dumping data for table Service
--
INSERT dbo.Service VALUES ('591800c2-51a6-4bf7-b58b-0ba6086b1579', '070d5d34-2723-4e48-bfe4-b07838e480f1', 'c17496cf-7a71-451f-91da-1d10b165be13', 4, 1, 1200, 1.2)
INSERT dbo.Service VALUES ('68646e6d-e899-4383-8b2e-22b480619cd3', 'cd689574-7a50-448a-8724-688ca5291777', 'c17496cf-7a71-451f-91da-1d10b165be13', 0, 1, 200, 1)
INSERT dbo.Service VALUES ('e66d0cd7-b6d5-4662-8234-26b04580684b', '0cdf3854-efa5-4cca-b659-921a9309c60b', 'c17496cf-7a71-451f-91da-1d10b165be13', 2, 1, 10000, 2)
INSERT dbo.Service VALUES ('7a0f3995-2226-4d14-a01f-33fdfdb80610', 'f0905b1f-9221-4e4e-ac60-0617427602e7', 'c17496cf-7a71-451f-91da-1d10b165be13', 4, 1, 12, 2)
INSERT dbo.Service VALUES ('d6b6c521-5394-491c-a398-76f272def867', '070d5d34-2723-4e48-bfe4-b07838e480f1', 'c17496cf-7a71-451f-91da-1d10b165be13', 2, 1, 20000, 2)
INSERT dbo.Service VALUES ('093fbf9e-d4ca-4ae1-b685-88a99bf7f634', 'e2d864ca-19eb-40d6-adea-f5bfc7989846', 'c17496cf-7a71-451f-91da-1d10b165be13', 4, 1, 2200, 1)
INSERT dbo.Service VALUES ('78d553f7-3837-47e4-b054-acbd39c646a3', 'e2d864ca-19eb-40d6-adea-f5bfc7989846', 'c17496cf-7a71-451f-91da-1d10b165be13', 2, 1, 2000, 1)
INSERT dbo.Service VALUES ('4a6e02ed-2b5a-40e3-8cea-b3fd23ddbd78', 'e2d864ca-19eb-40d6-adea-f5bfc7989846', 'c17496cf-7a71-451f-91da-1d10b165be13', 1, 1, 12, 2)
INSERT dbo.Service VALUES ('2625d160-46d6-42b0-8fec-d498c5a49b6a', '0cdf3854-efa5-4cca-b659-921a9309c60b', 'c17496cf-7a71-451f-91da-1d10b165be13', 4, 1, 12000, 2)
INSERT dbo.Service VALUES ('3adda027-905c-4fdf-8024-ea5671a50bdc', '5f05a5dc-3aee-4572-beba-a7d5a5fc3e64', 'c17496cf-7a71-451f-91da-1d10b165be13', 2, 1, 12, 1)
GO
-- 
-- Dumping data for table Team
--
INSERT dbo.Team VALUES ('7e33370f-6ee0-4297-acd0-237783d4e4f1', '443237f8-7eec-413f-9858-97bfd99ebc2b', 850000, 'cdaf2353-b68d-4f0f-8056-5e37e51d70aa', 1, '2018-01-31 18:27:04.893')
INSERT dbo.Team VALUES ('c3fde9b5-234a-4eb8-8c0c-ab48e807ffc7', 'c17496cf-7a71-451f-91da-1d10b165be13', 1800000, '5f05a5dc-3aee-4572-beba-a7d5a5fc3e64', 2, '2018-01-31 18:26:45.133')
GO
SET NOEXEC OFF
GO