--
-- Script was generated by Devart dbForge Studio for SQL Server, Version 5.3.56.0
-- Product home page: http://www.devart.com/dbforge/sql/studio
-- Script date 1/14/2018 9:08:35 AM
-- Server version: 13.00.4001
-- Client version: 
--


SET DATEFORMAT ymd
SET ARITHABORT, ANSI_PADDING, ANSI_WARNINGS, CONCAT_NULL_YIELDS_NULL, QUOTED_IDENTIFIER, ANSI_NULLS, NOCOUNT ON
SET NUMERIC_ROUNDABORT, IMPLICIT_TRANSACTIONS, XACT_ABORT OFF
GO
USE Tourine
GO

IF DB_NAME() <> N'Tourine' SET NOEXEC ON
-- 
-- Dumping data for table Agency
--
INSERT dbo.Agency VALUES ('df0c11eb-927a-43ba-bdf4-a24584f99478', N'طاها', N'021-632145')
INSERT dbo.Agency VALUES ('987955ff-2e4d-4da7-89c0-e537e2e08e4f', N'یکتا', N'021-6696321')
GO
-- 
-- Dumping data for table Currency
--
INSERT dbo.Currency VALUES (1, N'تومان', N'1')
INSERT dbo.Currency VALUES (2, N'دلار', N'4000')
GO
-- 
-- Dumping data for table Customer
--
INSERT dbo.Customer VALUES ('9fe7b4d7-3eef-4c99-a8db-2bb6c1c0245c', N'محمد', N'فرهمندزاد', N'09120046909', N'0214589632')
INSERT dbo.Customer VALUES ('dfd418a2-717f-433c-bd77-c6f05c8eb075', N'علی', N'میرزایی', N'09125412112', N'0216696321')
GO
-- 
-- Dumping data for table Destination
--
INSERT dbo.Destination VALUES ('98a1e661-a322-414e-b28b-482b78b26a49', N'کربلا')
INSERT dbo.Destination VALUES ('4b9ecd1a-eaaa-4f11-a798-89d1a3de06fa', N'نجف')
GO
-- 
-- Dumping data for table Place
--
INSERT dbo.Place VALUES ('55860386-5a48-41c8-a6ed-0be506ee6370', N'مشکوکات')
INSERT dbo.Place VALUES ('2b390c11-8158-46ed-97ca-9f885ccc493a', N'نریمان')
GO
-- 
-- Dumping data for table [User]
--
INSERT dbo.[User] VALUES ('3bb450cf-b8e4-4bb8-946f-528bd46108f0', N'mohammad', N'123', '9fe7b4d7-3eef-4c99-a8db-2bb6c1c0245c', 127)
INSERT dbo.[User] VALUES ('7dd102ea-28f9-45e3-a9c6-73daecc70a0a', N'ali', N'132', 'dfd418a2-717f-433c-bd77-c6f05c8eb075', 255)
GO
-- 
-- Dumping data for table AgencyCustomer
--
INSERT dbo.AgencyCustomer VALUES ('93aa7eef-2518-46b9-945c-2cc1a4e689df', '987955ff-2e4d-4da7-89c0-e537e2e08e4f', 'dfd418a2-717f-433c-bd77-c6f05c8eb075')
INSERT dbo.AgencyCustomer VALUES ('b2dc0653-7663-483f-9c9c-a066bb59518c', 'df0c11eb-927a-43ba-bdf4-a24584f99478', '9fe7b4d7-3eef-4c99-a8db-2bb6c1c0245c')
INSERT dbo.AgencyCustomer VALUES ('afd8501d-261b-4ac7-8bda-f8e24fb83924', 'df0c11eb-927a-43ba-bdf4-a24584f99478', 'dfd418a2-717f-433c-bd77-c6f05c8eb075')
GO
-- 
-- Dumping data for table Passenger
--
INSERT dbo.Passenger VALUES ('5518e513-58fd-4235-b7c9-3badee221973', N'مسافر', N'دو', N'0000', N'0000', '2018-01-01', '2018-01-31', 'df0c11eb-927a-43ba-bdf4-a24584f99478', N'011321')
INSERT dbo.Passenger VALUES ('98a1e661-a322-414e-b28b-482b78b26a4c', N'مسافر', N'یک', N'09120046906', N'0015234265', '1988-10-05', '2018-01-31', '987955ff-2e4d-4da7-89c0-e537e2e08e4f', N'123456')
GO
-- 
-- Dumping data for table Tour
--
INSERT dbo.Tour(ID, Code, DestinationID, Status, Duration, StartDate, PlaceID, isFlight, AdultCount, AdultMinPrice, BusPrice, RoomPrice, FoodPrice, InfantPrice, InfantCount, CreationDate) VALUES ('f48192d9-7dc9-4a25-bd9c-370b23264d9a', N'1009', '98a1e661-a322-414e-b28b-482b78b26a49', 1, 12, '2018-01-15 07:44:33.517', '55860386-5a48-41c8-a6ed-0be506ee6370', CONVERT(bit, 'False'), 35, 1150000, 180000, 320000, 120000, 850000, 5, '2018-01-14 07:46:18.133')
GO
-- 
-- Dumping data for table Block
--
INSERT dbo.Block(ID, Code, TourID, Price, Capacity, ParentId, CustomerId, SubmitDate) VALUES ('67b0796a-534a-477a-b457-6bb285e0ee5f', N'1009-12', 'f48192d9-7dc9-4a25-bd9c-370b23264d9a', 2300000, 2, NULL, '9fe7b4d7-3eef-4c99-a8db-2bb6c1c0245c', '2018-01-13 07:49:50.077')
GO
-- 
-- Dumping data for table PriceDetail
--
INSERT dbo.PriceDetail(ID, value, CurrencyID, TourId) VALUES ('2a7e72c8-19eb-4e3b-8dc5-9ea761d0c7a5', 2000.0000, 1, 'f48192d9-7dc9-4a25-bd9c-370b23264d9a')
GO
-- 
-- Dumping data for table PassengerList
--
INSERT dbo.PassengerList(Id, BlockId, PassengerId) VALUES ('c9cbcdab-b3d3-4c15-8625-3db9fc419143', '67b0796a-534a-477a-b457-6bb285e0ee5f', '98a1e661-a322-414e-b28b-482b78b26a4c')
INSERT dbo.PassengerList(Id, BlockId, PassengerId) VALUES ('aac7a902-a894-4ca1-935c-64ded42eb08b', '67b0796a-534a-477a-b457-6bb285e0ee5f', '5518e513-58fd-4235-b7c9-3badee221973')
GO
SET NOEXEC OFF
GO